dataset,cell_id,protocol_id,split,split_seed,evaluation_partition,lpo_held_protocols,is_held_protocol,early_ratio,future_mask_definition,source_file,source_sha256,preprocessing_version,preprocessing_sha256
mit,FastCharge_000063_CH6,4C-80PER_4C,test,predefined_source_split; split seed not recorded in frozen cache,test,not_applicable,false,0.30,"frozen prediction rows with is_future=true; observed count is ceil(0.30 * cell trajectory length), lower-bounded by 5 and capped at cell length",data/MIT/mit_cycle_records_noleak.pkl,b186d5cde964b92bedc87268ced080d9afabb3959d7e8f2bfb13cb5c0baebbd9,frozen cache; upstream split builder not recovered,not_recoverable
mit,FastCharge_000069_CH25,4_9C_61per_4_5C,test,predefined_source_split; split seed not recorded in frozen cache,test,not_applicable,false,0.30,"frozen prediction rows with is_future=true; observed count is ceil(0.30 * cell trajectory length), lower-bounded by 5 and capped at cell length",data/MIT/mit_cycle_records_noleak.pkl,b186d5cde964b92bedc87268ced080d9afabb3959d7e8f2bfb13cb5c0baebbd9,frozen cache; upstream split builder not recovered,not_recoverable
mit,FastCharge_000072_CH34,5_2C_58per_4C,test,predefined_source_split; split seed not recorded in frozen cache,test,not_applicable,false,0.30,"frozen prediction rows with is_future=true; observed count is ceil(0.30 * cell trajectory length), lower-bounded by 5 and capped at cell length",data/MIT/mit_cycle_records_noleak.pkl,b186d5cde964b92bedc87268ced080d9afabb3959d7e8f2bfb13cb5c0baebbd9,frozen cache; upstream split builder not recovered,not_recoverable
mit,FastCharge_000073_CH35,5_2C_66per_3_5C,test,predefined_source_split; split seed not recorded in frozen cache,test,not_applicable,false,0.30,"frozen prediction rows with is_future=true; observed count is ceil(0.30 * cell trajectory length), lower-bounded by 5 and capped at cell length",data/MIT/mit_cycle_records_noleak.pkl,b186d5cde964b92bedc87268ced080d9afabb3959d7e8f2bfb13cb5c0baebbd9,frozen cache; upstream split builder not recovered,not_recoverable
mit,FastCharge_000068_CH38,5_6C_38per_4_25C,test,predefined_source_split; split seed not recorded in frozen cache,test,not_applicable,false,0.30,"frozen prediction rows with is_future=true; observed count is ceil(0.30 * cell trajectory length), lower-bounded by 5 and capped at cell length",data/MIT/mit_cycle_records_noleak.pkl,b186d5cde964b92bedc87268ced080d9afabb3959d7e8f2bfb13cb5c0baebbd9,frozen cache; upstream split builder not recovered,not_recoverable
mit,FastCharge_000064_CH39,5_6C_47per_4C,test,predefined_source_split; split seed not recorded in frozen cache,test,not_applicable,false,0.30,"frozen prediction rows with is_future=true; observed count is ceil(0.30 * cell trajectory length), lower-bounded by 5 and capped at cell length",data/MIT/mit_cycle_records_noleak.pkl,b186d5cde964b92bedc87268ced080d9afabb3959d7e8f2bfb13cb5c0baebbd9,frozen cache; upstream split builder not recovered,not_recoverable
mit,FastCharge_000071_CH40,5_6C_58per_3_5C,test,predefined_source_split; split seed not recorded in frozen cache,test,not_applicable,false,0.30,"frozen prediction rows with is_future=true; observed count is ceil(0.30 * cell trajectory length), lower-bounded by 5 and capped at cell length",data/MIT/mit_cycle_records_noleak.pkl,b186d5cde964b92bedc87268ced080d9afabb3959d7e8f2bfb13cb5c0baebbd9,frozen cache; upstream split builder not recovered,not_recoverable
mit,FastCharge_000066_CH25,6C-40PER_3C,test,predefined_source_split; split seed not recorded in frozen cache,test,not_applicable,false,0.30,"frozen prediction rows with is_future=true; observed count is ceil(0.30 * cell trajectory length), lower-bounded by 5 and capped at cell length",data/MIT/mit_cycle_records_noleak.pkl,b186d5cde964b92bedc87268ced080d9afabb3959d7e8f2bfb13cb5c0baebbd9,frozen cache; upstream split builder not recovered,not_recoverable
mit,FastCharge_000066_CH26,6C-40PER_3C,test,predefined_source_split; split seed not recorded in frozen cache,test,not_applicable,false,0.30,"frozen prediction rows with is_future=true; observed count is ceil(0.30 * cell trajectory length), lower-bounded by 5 and capped at cell length",data/MIT/mit_cycle_records_noleak.pkl,b186d5cde964b92bedc87268ced080d9afabb3959d7e8f2bfb13cb5c0baebbd9,frozen cache; upstream split builder not recovered,not_recoverable
mit,FastCharge_000065_CH33,6C-40PER_3_6C,test,predefined_source_split; split seed not recorded in frozen cache,test,not_applicable,false,0.30,"frozen prediction rows with is_future=true; observed count is ceil(0.30 * cell trajectory length), lower-bounded by 5 and capped at cell length",data/MIT/mit_cycle_records_noleak.pkl,b186d5cde964b92bedc87268ced080d9afabb3959d7e8f2bfb13cb5c0baebbd9,frozen cache; upstream split builder not recovered,not_recoverable
mit,FastCharge_000065_CH34,6C-40PER_3_6C,test,predefined_source_split; split seed not recorded in frozen cache,test,not_applicable,false,0.30,"frozen prediction rows with is_future=true; observed count is ceil(0.30 * cell trajectory length), lower-bounded by 5 and capped at cell length",data/MIT/mit_cycle_records_noleak.pkl,b186d5cde964b92bedc87268ced080d9afabb3959d7e8f2bfb13cb5c0baebbd9,frozen cache; upstream split builder not recovered,not_recoverable
mit,FastCharge_000070_CH46,6C_4per_4_75C,test,predefined_source_split; split seed not recorded in frozen cache,test,not_applicable,false,0.30,"frozen prediction rows with is_future=true; observed count is ceil(0.30 * cell trajectory length), lower-bounded by 5 and capped at cell length",data/MIT/mit_cycle_records_noleak.pkl,b186d5cde964b92bedc87268ced080d9afabb3959d7e8f2bfb13cb5c0baebbd9,frozen cache; upstream split builder not recovered,not_recoverable
mit,FastCharge_000067_CH41,7C-40PER_3_6C,test,predefined_source_split; split seed not recorded in frozen cache,test,not_applicable,false,0.30,"frozen prediction rows with is_future=true; observed count is ceil(0.30 * cell trajectory length), lower-bounded by 5 and capped at cell length",data/MIT/mit_cycle_records_noleak.pkl,b186d5cde964b92bedc87268ced080d9afabb3959d7e8f2bfb13cb5c0baebbd9,frozen cache; upstream split builder not recovered,not_recoverable
mit,FastCharge_000067_CH42,7C-40PER_3_6C,test,predefined_source_split; split seed not recorded in frozen cache,test,not_applicable,false,0.30,"frozen prediction rows with is_future=true; observed count is ceil(0.30 * cell trajectory length), lower-bounded by 5 and capped at cell length",data/MIT/mit_cycle_records_noleak.pkl,b186d5cde964b92bedc87268ced080d9afabb3959d7e8f2bfb13cb5c0baebbd9,frozen cache; upstream split builder not recovered,not_recoverable
mit,FastCharge_000031_CH9,1C_4per_6C,train,predefined_source_split; split seed not recorded in frozen cache,train,not_applicable,false,0.30,"frozen prediction rows with is_future=true; observed count is ceil(0.30 * cell trajectory length), lower-bounded by 5 and capped at cell length",data/MIT/mit_cycle_records_noleak.pkl,b186d5cde964b92bedc87268ced080d9afabb3959d7e8f2bfb13cb5c0baebbd9,frozen cache; upstream split builder not recovered,not_recoverable
mit,FastCharge_000041_CH10,2C_10per_6C,train,predefined_source_split; split seed not recorded in frozen cache,train,not_applicable,false,0.30,"frozen prediction rows with is_future=true; observed count is ceil(0.30 * cell trajectory length), lower-bounded by 5 and capped at cell length",data/MIT/mit_cycle_records_noleak.pkl,b186d5cde964b92bedc87268ced080d9afabb3959d7e8f2bfb13cb5c0baebbd9,frozen cache; upstream split builder not recovered,not_recoverable
mit,FastCharge_000035_CH12,2C_7per_5_5C,train,predefined_source_split; split seed not recorded in frozen cache,train,not_applicable,false,0.30,"frozen prediction rows with is_future=true; observed count is ceil(0.30 * cell trajectory length), lower-bounded by 5 and capped at cell length",data/MIT/mit_cycle_records_noleak.pkl,b186d5cde964b92bedc87268ced080d9afabb3959d7e8f2bfb13cb5c0baebbd9,frozen cache; upstream split builder not recovered,not_recoverable
mit,FastCharge_000004_CH1,3_6C-80PER_3_6C,train,predefined_source_split; split seed not recorded in frozen cache,train,not_applicable,false,0.30,"frozen prediction rows with is_future=true; observed count is ceil(0.30 * cell trajectory length), lower-bounded by 5 and capped at cell length",data/MIT/mit_cycle_records_noleak.pkl,b186d5cde964b92bedc87268ced080d9afabb3959d7e8f2bfb13cb5c0baebbd9,frozen cache; upstream split builder not recovered,not_recoverable
mit,FastCharge_000004_CH2,3_6C-80PER_3_6C,train,predefined_source_split; split seed not recorded in frozen cache,train,not_applicable,false,0.30,"frozen prediction rows with is_future=true; observed count is ceil(0.30 * cell trajectory length), lower-bounded by 5 and capped at cell length",data/MIT/mit_cycle_records_noleak.pkl,b186d5cde964b92bedc87268ced080d9afabb3959d7e8f2bfb13cb5c0baebbd9,frozen cache; upstream split builder not recovered,not_recoverable
mit,FastCharge_000004_CH3,3_6C-80PER_3_6C,train,predefined_source_split; split seed not recorded in frozen cache,train,not_applicable,false,0.30,"frozen prediction rows with is_future=true; observed count is ceil(0.30 * cell trajectory length), lower-bounded by 5 and capped at cell length",data/MIT/mit_cycle_records_noleak.pkl,b186d5cde964b92bedc87268ced080d9afabb3959d7e8f2bfb13cb5c0baebbd9,frozen cache; upstream split builder not recovered,not_recoverable
mit,FastCharge_000045_CH1,3_6C-80PER_3_6C,train,predefined_source_split; split seed not recorded in frozen cache,train,not_applicable,false,0.30,"frozen prediction rows with is_future=true; observed count is ceil(0.30 * cell trajectory length), lower-bounded by 5 and capped at cell length",data/MIT/mit_cycle_records_noleak.pkl,b186d5cde964b92bedc87268ced080d9afabb3959d7e8f2bfb13cb5c0baebbd9,frozen cache; upstream split builder not recovered,not_recoverable
mit,FastCharge_000045_CH2,3_6C-80PER_3_6C,train,predefined_source_split; split seed not recorded in frozen cache,train,not_applicable,false,0.30,"frozen prediction rows with is_future=true; observed count is ceil(0.30 * cell trajectory length), lower-bounded by 5 and capped at cell length",data/MIT/mit_cycle_records_noleak.pkl,b186d5cde964b92bedc87268ced080d9afabb3959d7e8f2bfb13cb5c0baebbd9,frozen cache; upstream split builder not recovered,not_recoverable
mit,FastCharge_000045_CH3,3_6C-80PER_3_6C,train,predefined_source_split; split seed not recorded in frozen cache,train,not_applicable,false,0.30,"frozen prediction rows with is_future=true; observed count is ceil(0.30 * cell trajectory length), lower-bounded by 5 and capped at cell length",data/MIT/mit_cycle_records_noleak.pkl,b186d5cde964b92bedc87268ced080d9afabb3959d7e8f2bfb13cb5c0baebbd9,frozen cache; upstream split builder not recovered,not_recoverable
mit,FastCharge_000038_CH13,3_6C_22per_5_5C,train,predefined_source_split; split seed not recorded in frozen cache,train,not_applicable,false,0.30,"frozen prediction rows with is_future=true; observed count is ceil(0.30 * cell trajectory length), lower-bounded by 5 and capped at cell length",data/MIT/mit_cycle_records_noleak.pkl,b186d5cde964b92bedc87268ced080d9afabb3959d7e8f2bfb13cb5c0baebbd9,frozen cache; upstream split builder not recovered,not_recoverable
mit,FastCharge_000033_CH14,3_6C_2per_4_85C,train,predefined_source_split; split seed not recorded in frozen cache,train,not_applicable,false,0.30,"frozen prediction rows with is_future=true; observed count is ceil(0.30 * cell trajectory length), lower-bounded by 5 and capped at cell length",data/MIT/mit_cycle_records_noleak.pkl,b186d5cde964b92bedc87268ced080d9afabb3959d7e8f2bfb13cb5c0baebbd9,frozen cache; upstream split builder not recovered,not_recoverable
mit,FastCharge_000043_CH16,3_6C_9per_5C,train,predefined_source_split; split seed not recorded in frozen cache,train,not_applicable,false,0.30,"frozen prediction rows with is_future=true; observed count is ceil(0.30 * cell trajectory length), lower-bounded by 5 and capped at cell length",data/MIT/mit_cycle_records_noleak.pkl,b186d5cde964b92bedc87268ced080d9afabb3959d7e8f2bfb13cb5c0baebbd9,frozen cache; upstream split builder not recovered,not_recoverable
mit,FastCharge_000001_CH16,3_7C_31per_5_9C_newstructure,train,predefined_source_split; split seed not recorded in frozen cache,train,not_applicable,false,0.30,"frozen prediction rows with is_future=true; observed count is ceil(0.30 * cell trajectory length), lower-bounded by 5 and capped at cell length",data/MIT/mit_cycle_records_noleak.pkl,b186d5cde964b92bedc87268ced080d9afabb3959d7e8f2bfb13cb5c0baebbd9,frozen cache; upstream split builder not recovered,not_recoverable
mit,FastCharge_000001_CH30,3_7C_31per_5_9C_newstructure,train,predefined_source_split; split seed not recorded in frozen cache,train,not_applicable,false,0.30,"frozen prediction rows with is_future=true; observed count is ceil(0.30 * cell trajectory length), lower-bounded by 5 and capped at cell length",data/MIT/mit_cycle_records_noleak.pkl,b186d5cde964b92bedc87268ced080d9afabb3959d7e8f2bfb13cb5c0baebbd9,frozen cache; upstream split builder not recovered,not_recoverable
mit,FastCharge_000001_CH38,3_7C_31per_5_9C_newstructure,train,predefined_source_split; split seed not recorded in frozen cache,train,not_applicable,false,0.30,"frozen prediction rows with is_future=true; observed count is ceil(0.30 * cell trajectory length), lower-bounded by 5 and capped at cell length",data/MIT/mit_cycle_records_noleak.pkl,b186d5cde964b92bedc87268ced080d9afabb3959d7e8f2bfb13cb5c0baebbd9,frozen cache; upstream split builder not recovered,not_recoverable
mit,FastCharge_000026_CH5,4C-80PER_4C,train,predefined_source_split; split seed not recorded in frozen cache,train,not_applicable,false,0.30,"frozen prediction rows with is_future=true; observed count is ceil(0.30 * cell trajectory length), lower-bounded by 5 and capped at cell length",data/MIT/mit_cycle_records_noleak.pkl,b186d5cde964b92bedc87268ced080d9afabb3959d7e8f2bfb13cb5c0baebbd9,frozen cache; upstream split builder not recovered,not_recoverable
mit,FastCharge_000026_CH6,4C-80PER_4C,train,predefined_source_split; split seed not recorded in frozen cache,train,not_applicable,false,0.30,"frozen prediction rows with is_future=true; observed count is ceil(0.30 * cell trajectory length), lower-bounded by 5 and capped at cell length",data/MIT/mit_cycle_records_noleak.pkl,b186d5cde964b92bedc87268ced080d9afabb3959d7e8f2bfb13cb5c0baebbd9,frozen cache; upstream split builder not recovered,not_recoverable
mit,FastCharge_000034_CH27,4C_13per_5C,train,predefined_source_split; split seed not recorded in frozen cache,train,not_applicable,false,0.30,"frozen prediction rows with is_future=true; observed count is ceil(0.30 * cell trajectory length), lower-bounded by 5 and capped at cell length",data/MIT/mit_cycle_records_noleak.pkl,b186d5cde964b92bedc87268ced080d9afabb3959d7e8f2bfb13cb5c0baebbd9,frozen cache; upstream split builder not recovered,not_recoverable
mit,FastCharge_000021_CH28,4C_31per_5.5C,train,predefined_source_split; split seed not recorded in frozen cache,train,not_applicable,false,0.30,"frozen prediction rows with is_future=true; observed count is ceil(0.30 * cell trajectory length), lower-bounded by 5 and capped at cell length",data/MIT/mit_cycle_records_noleak.pkl,b186d5cde964b92bedc87268ced080d9afabb3959d7e8f2bfb13cb5c0baebbd9,frozen cache; upstream split builder not recovered,not_recoverable
mit,FastCharge_000030_CH30,4C_4per_4_85C,train,predefined_source_split; split seed not recorded in frozen cache,train,not_applicable,false,0.30,"frozen prediction rows with is_future=true; observed count is ceil(0.30 * cell trajectory length), lower-bounded by 5 and capped at cell length",data/MIT/mit_cycle_records_noleak.pkl,b186d5cde964b92bedc87268ced080d9afabb3959d7e8f2bfb13cb5c0baebbd9,frozen cache; upstream split builder not recovered,not_recoverable
mit,FastCharge_000025_CH7,4_4C-80PER_4_4C,train,predefined_source_split; split seed not recorded in frozen cache,train,not_applicable,false,0.30,"frozen prediction rows with is_future=true; observed count is ceil(0.30 * cell trajectory length), lower-bounded by 5 and capped at cell length",data/MIT/mit_cycle_records_noleak.pkl,b186d5cde964b92bedc87268ced080d9afabb3959d7e8f2bfb13cb5c0baebbd9,frozen cache; upstream split builder not recovered,not_recoverable
mit,FastCharge_000016_CH17,4_4C_24per_5C,train,predefined_source_split; split seed not recorded in frozen cache,train,not_applicable,false,0.30,"frozen prediction rows with is_future=true; observed count is ceil(0.30 * cell trajectory length), lower-bounded by 5 and capped at cell length",data/MIT/mit_cycle_records_noleak.pkl,b186d5cde964b92bedc87268ced080d9afabb3959d7e8f2bfb13cb5c0baebbd9,frozen cache; upstream split builder not recovered,not_recoverable
mit,FastCharge_000005_CH18,4_4C_47per_5_5C,train,predefined_source_split; split seed not recorded in frozen cache,train,not_applicable,false,0.30,"frozen prediction rows with is_future=true; observed count is ceil(0.30 * cell trajectory length), lower-bounded by 5 and capped at cell length",data/MIT/mit_cycle_records_noleak.pkl,b186d5cde964b92bedc87268ced080d9afabb3959d7e8f2bfb13cb5c0baebbd9,frozen cache; upstream split builder not recovered,not_recoverable
mit,FastCharge_000000_CH19,4_4C_55per_6C,train,predefined_source_split; split seed not recorded in frozen cache,train,not_applicable,false,0.30,"frozen prediction rows with is_future=true; observed count is ceil(0.30 * cell trajectory length), lower-bounded by 5 and capped at cell length",data/MIT/mit_cycle_records_noleak.pkl,b186d5cde964b92bedc87268ced080d9afabb3959d7e8f2bfb13cb5c0baebbd9,frozen cache; upstream split builder not recovered,not_recoverable
mit,FastCharge_000047_CH21,4_65C_19per_4_85C,train,predefined_source_split; split seed not recorded in frozen cache,train,not_applicable,false,0.30,"frozen prediction rows with is_future=true; observed count is ceil(0.30 * cell trajectory length), lower-bounded by 5 and capped at cell length",data/MIT/mit_cycle_records_noleak.pkl,b186d5cde964b92bedc87268ced080d9afabb3959d7e8f2bfb13cb5c0baebbd9,frozen cache; upstream split builder not recovered,not_recoverable
mit,FastCharge_000032_CH22,4_65C_44per_5C,train,predefined_source_split; split seed not recorded in frozen cache,train,not_applicable,false,0.30,"frozen prediction rows with is_future=true; observed count is ceil(0.30 * cell trajectory length), lower-bounded by 5 and capped at cell length",data/MIT/mit_cycle_records_noleak.pkl,b186d5cde964b92bedc87268ced080d9afabb3959d7e8f2bfb13cb5c0baebbd9,frozen cache; upstream split builder not recovered,not_recoverable
mit,FastCharge_000020_CH23,4_65C_69per_6C,train,predefined_source_split; split seed not recorded in frozen cache,train,not_applicable,false,0.30,"frozen prediction rows with is_future=true; observed count is ceil(0.30 * cell trajectory length), lower-bounded by 5 and capped at cell length",data/MIT/mit_cycle_records_noleak.pkl,b186d5cde964b92bedc87268ced080d9afabb3959d7e8f2bfb13cb5c0baebbd9,frozen cache; upstream split builder not recovered,not_recoverable
mit,FastCharge_000029_CH10,4_8C-80PER_4_8C,train,predefined_source_split; split seed not recorded in frozen cache,train,not_applicable,false,0.30,"frozen prediction rows with is_future=true; observed count is ceil(0.30 * cell trajectory length), lower-bounded by 5 and capped at cell length",data/MIT/mit_cycle_records_noleak.pkl,b186d5cde964b92bedc87268ced080d9afabb3959d7e8f2bfb13cb5c0baebbd9,frozen cache; upstream split builder not recovered,not_recoverable
mit,FastCharge_000029_CH9,4_8C-80PER_4_8C,train,predefined_source_split; split seed not recorded in frozen cache,train,not_applicable,false,0.30,"frozen prediction rows with is_future=true; observed count is ceil(0.30 * cell trajectory length), lower-bounded by 5 and capped at cell length",data/MIT/mit_cycle_records_noleak.pkl,b186d5cde964b92bedc87268ced080d9afabb3959d7e8f2bfb13cb5c0baebbd9,frozen cache; upstream split builder not recovered,not_recoverable
mit,FastCharge_000009_CH4,4_8C_80per_4_8C,train,predefined_source_split; split seed not recorded in frozen cache,train,not_applicable,false,0.30,"frozen prediction rows with is_future=true; observed count is ceil(0.30 * cell trajectory length), lower-bounded by 5 and capped at cell length",data/MIT/mit_cycle_records_noleak.pkl,b186d5cde964b92bedc87268ced080d9afabb3959d7e8f2bfb13cb5c0baebbd9,frozen cache; upstream split builder not recovered,not_recoverable
mit,FastCharge_000009_CH7,4_8C_80per_4_8C,train,predefined_source_split; split seed not recorded in frozen cache,train,not_applicable,false,0.30,"frozen prediction rows with is_future=true; observed count is ceil(0.30 * cell trajectory length), lower-bounded by 5 and capped at cell length",data/MIT/mit_cycle_records_noleak.pkl,b186d5cde964b92bedc87268ced080d9afabb3959d7e8f2bfb13cb5c0baebbd9,frozen cache; upstream split builder not recovered,not_recoverable
mit,FastCharge_000009_CH8,4_8C_80per_4_8C,train,predefined_source_split; split seed not recorded in frozen cache,train,not_applicable,false,0.30,"frozen prediction rows with is_future=true; observed count is ceil(0.30 * cell trajectory length), lower-bounded by 5 and capped at cell length",data/MIT/mit_cycle_records_noleak.pkl,b186d5cde964b92bedc87268ced080d9afabb3959d7e8f2bfb13cb5c0baebbd9,frozen cache; upstream split builder not recovered,not_recoverable
mit,FastCharge_000017_CH1,4_8C_80per_4_8C_newstructure,train,predefined_source_split; split seed not recorded in frozen cache,train,not_applicable,false,0.30,"frozen prediction rows with is_future=true; observed count is ceil(0.30 * cell trajectory length), lower-bounded by 5 and capped at cell length",data/MIT/mit_cycle_records_noleak.pkl,b186d5cde964b92bedc87268ced080d9afabb3959d7e8f2bfb13cb5c0baebbd9,frozen cache; upstream split builder not recovered,not_recoverable
mit,FastCharge_000017_CH17,4_8C_80per_4_8C_newstructure,train,predefined_source_split; split seed not recorded in frozen cache,train,not_applicable,false,0.30,"frozen prediction rows with is_future=true; observed count is ceil(0.30 * cell trajectory length), lower-bounded by 5 and capped at cell length",data/MIT/mit_cycle_records_noleak.pkl,b186d5cde964b92bedc87268ced080d9afabb3959d7e8f2bfb13cb5c0baebbd9,frozen cache; upstream split builder not recovered,not_recoverable
mit,FastCharge_000017_CH25,4_8C_80per_4_8C_newstructure,train,predefined_source_split; split seed not recorded in frozen cache,train,not_applicable,false,0.30,"frozen prediction rows with is_future=true; observed count is ceil(0.30 * cell trajectory length), lower-bounded by 5 and capped at cell length",data/MIT/mit_cycle_records_noleak.pkl,b186d5cde964b92bedc87268ced080d9afabb3959d7e8f2bfb13cb5c0baebbd9,frozen cache; upstream split builder not recovered,not_recoverable
mit,FastCharge_000017_CH33,4_8C_80per_4_8C_newstructure,train,predefined_source_split; split seed not recorded in frozen cache,train,not_applicable,false,0.30,"frozen prediction rows with is_future=true; observed count is ceil(0.30 * cell trajectory length), lower-bounded by 5 and capped at cell length",data/MIT/mit_cycle_records_noleak.pkl,b186d5cde964b92bedc87268ced080d9afabb3959d7e8f2bfb13cb5c0baebbd9,frozen cache; upstream split builder not recovered,not_recoverable
mit,FastCharge_000017_CH41,4_8C_80per_4_8C_newstructure,train,predefined_source_split; split seed not recorded in frozen cache,train,not_applicable,false,0.30,"frozen prediction rows with is_future=true; observed count is ceil(0.30 * cell trajectory length), lower-bounded by 5 and capped at cell length",data/MIT/mit_cycle_records_noleak.pkl,b186d5cde964b92bedc87268ced080d9afabb3959d7e8f2bfb13cb5c0baebbd9,frozen cache; upstream split builder not recovered,not_recoverable
mit,FastCharge_000017_CH46,4_8C_80per_4_8C_newstructure,train,predefined_source_split; split seed not recorded in frozen cache,train,not_applicable,false,0.30,"frozen prediction rows with is_future=true; observed count is ceil(0.30 * cell trajectory length), lower-bounded by 5 and capped at cell length",data/MIT/mit_cycle_records_noleak.pkl,b186d5cde964b92bedc87268ced080d9afabb3959d7e8f2bfb13cb5c0baebbd9,frozen cache; upstream split builder not recovered,not_recoverable
mit,FastCharge_000017_CH6,4_8C_80per_4_8C_newstructure,train,predefined_source_split; split seed not recorded in frozen cache,train,not_applicable,false,0.30,"frozen prediction rows with is_future=true; observed count is ceil(0.30 * cell trajectory length), lower-bounded by 5 and capped at cell length",data/MIT/mit_cycle_records_noleak.pkl,b186d5cde964b92bedc87268ced080d9afabb3959d7e8f2bfb13cb5c0baebbd9,frozen cache; upstream split builder not recovered,not_recoverable
mit,FastCharge_000017_CH9,4_8C_80per_4_8C_newstructure,train,predefined_source_split; split seed not recorded in frozen cache,train,not_applicable,false,0.30,"frozen prediction rows with is_future=true; observed count is ceil(0.30 * cell trajectory length), lower-bounded by 5 and capped at cell length",data/MIT/mit_cycle_records_noleak.pkl,b186d5cde964b92bedc87268ced080d9afabb3959d7e8f2bfb13cb5c0baebbd9,frozen cache; upstream split builder not recovered,not_recoverable
mit,FastCharge_000022_CH24,4_9C_27per_4_75C,train,predefined_source_split; split seed not recorded in frozen cache,train,not_applicable,false,0.30,"frozen prediction rows with is_future=true; observed count is ceil(0.30 * cell trajectory length), lower-bounded by 5 and capped at cell length",data/MIT/mit_cycle_records_noleak.pkl,b186d5cde964b92bedc87268ced080d9afabb3959d7e8f2bfb13cb5c0baebbd9,frozen cache; upstream split builder not recovered,not_recoverable
mit,FastCharge_000011_CH26,4_9C_69per_4_25C,train,predefined_source_split; split seed not recorded in frozen cache,train,not_applicable,false,0.30,"frozen prediction rows with is_future=true; observed count is ceil(0.30 * cell trajectory length), lower-bounded by 5 and capped at cell length",data/MIT/mit_cycle_records_noleak.pkl,b186d5cde964b92bedc87268ced080d9afabb3959d7e8f2bfb13cb5c0baebbd9,frozen cache; upstream split builder not recovered,not_recoverable
mit,FastCharge_000002_CH10,5C_67per_4C_newstructure,train,predefined_source_split; split seed not recorded in frozen cache,train,not_applicable,false,0.30,"frozen prediction rows with is_future=true; observed count is ceil(0.30 * cell trajectory length), lower-bounded by 5 and capped at cell length",data/MIT/mit_cycle_records_noleak.pkl,b186d5cde964b92bedc87268ced080d9afabb3959d7e8f2bfb13cb5c0baebbd9,frozen cache; upstream split builder not recovered,not_recoverable
mit,FastCharge_000002_CH18,5C_67per_4C_newstructure,train,predefined_source_split; split seed not recorded in frozen cache,train,not_applicable,false,0.30,"frozen prediction rows with is_future=true; observed count is ceil(0.30 * cell trajectory length), lower-bounded by 5 and capped at cell length",data/MIT/mit_cycle_records_noleak.pkl,b186d5cde964b92bedc87268ced080d9afabb3959d7e8f2bfb13cb5c0baebbd9,frozen cache; upstream split builder not recovered,not_recoverable
mit,FastCharge_000002_CH2,5C_67per_4C_newstructure,train,predefined_source_split; split seed not recorded in frozen cache,train,not_applicable,false,0.30,"frozen prediction rows with is_future=true; observed count is ceil(0.30 * cell trajectory length), lower-bounded by 5 and capped at cell length",data/MIT/mit_cycle_records_noleak.pkl,b186d5cde964b92bedc87268ced080d9afabb3959d7e8f2bfb13cb5c0baebbd9,frozen cache; upstream split builder not recovered,not_recoverable
mit,FastCharge_000002_CH34,5C_67per_4C_newstructure,train,predefined_source_split; split seed not recorded in frozen cache,train,not_applicable,false,0.30,"frozen prediction rows with is_future=true; observed count is ceil(0.30 * cell trajectory length), lower-bounded by 5 and capped at cell length",data/MIT/mit_cycle_records_noleak.pkl,b186d5cde964b92bedc87268ced080d9afabb3959d7e8f2bfb13cb5c0baebbd9,frozen cache; upstream split builder not recovered,not_recoverable
mit,FastCharge_000002_CH42,5C_67per_4C_newstructure,train,predefined_source_split; split seed not recorded in frozen cache,train,not_applicable,false,0.30,"frozen prediction rows with is_future=true; observed count is ceil(0.30 * cell trajectory length), lower-bounded by 5 and capped at cell length",data/MIT/mit_cycle_records_noleak.pkl,b186d5cde964b92bedc87268ced080d9afabb3959d7e8f2bfb13cb5c0baebbd9,frozen cache; upstream split builder not recovered,not_recoverable
mit,FastCharge_000002_CH47,5C_67per_4C_newstructure,train,predefined_source_split; split seed not recorded in frozen cache,train,not_applicable,false,0.30,"frozen prediction rows with is_future=true; observed count is ceil(0.30 * cell trajectory length), lower-bounded by 5 and capped at cell length",data/MIT/mit_cycle_records_noleak.pkl,b186d5cde964b92bedc87268ced080d9afabb3959d7e8f2bfb13cb5c0baebbd9,frozen cache; upstream split builder not recovered,not_recoverable
mit,FastCharge_000002_CH7,5C_67per_4C_newstructure,train,predefined_source_split; split seed not recorded in frozen cache,train,not_applicable,false,0.30,"frozen prediction rows with is_future=true; observed count is ceil(0.30 * cell trajectory length), lower-bounded by 5 and capped at cell length",data/MIT/mit_cycle_records_noleak.pkl,b186d5cde964b92bedc87268ced080d9afabb3959d7e8f2bfb13cb5c0baebbd9,frozen cache; upstream split builder not recovered,not_recoverable
mit,FastCharge_000027_CH31,5_2C_10per_4_75C,train,predefined_source_split; split seed not recorded in frozen cache,train,not_applicable,false,0.30,"frozen prediction rows with is_future=true; observed count is ceil(0.30 * cell trajectory length), lower-bounded by 5 and capped at cell length",data/MIT/mit_cycle_records_noleak.pkl,b186d5cde964b92bedc87268ced080d9afabb3959d7e8f2bfb13cb5c0baebbd9,frozen cache; upstream split builder not recovered,not_recoverable
mit,FastCharge_000040_CH32,5_2C_37per_4_5C,train,predefined_source_split; split seed not recorded in frozen cache,train,not_applicable,false,0.30,"frozen prediction rows with is_future=true; observed count is ceil(0.30 * cell trajectory length), lower-bounded by 5 and capped at cell length",data/MIT/mit_cycle_records_noleak.pkl,b186d5cde964b92bedc87268ced080d9afabb3959d7e8f2bfb13cb5c0baebbd9,frozen cache; upstream split builder not recovered,not_recoverable
mit,FastCharge_000042_CH36,5_2C_71per_3C,train,predefined_source_split; split seed not recorded in frozen cache,train,not_applicable,false,0.30,"frozen prediction rows with is_future=true; observed count is ceil(0.30 * cell trajectory length), lower-bounded by 5 and capped at cell length",data/MIT/mit_cycle_records_noleak.pkl,b186d5cde964b92bedc87268ced080d9afabb3959d7e8f2bfb13cb5c0baebbd9,frozen cache; upstream split builder not recovered,not_recoverable
mit,FastCharge_000006_CH11,5_3C_54per_4C_newstructure,train,predefined_source_split; split seed not recorded in frozen cache,train,not_applicable,false,0.30,"frozen prediction rows with is_future=true; observed count is ceil(0.30 * cell trajectory length), lower-bounded by 5 and capped at cell length",data/MIT/mit_cycle_records_noleak.pkl,b186d5cde964b92bedc87268ced080d9afabb3959d7e8f2bfb13cb5c0baebbd9,frozen cache; upstream split builder not recovered,not_recoverable
mit,FastCharge_000006_CH19,5_3C_54per_4C_newstructure,train,predefined_source_split; split seed not recorded in frozen cache,train,not_applicable,false,0.30,"frozen prediction rows with is_future=true; observed count is ceil(0.30 * cell trajectory length), lower-bounded by 5 and capped at cell length",data/MIT/mit_cycle_records_noleak.pkl,b186d5cde964b92bedc87268ced080d9afabb3959d7e8f2bfb13cb5c0baebbd9,frozen cache; upstream split builder not recovered,not_recoverable
mit,FastCharge_000006_CH27,5_3C_54per_4C_newstructure,train,predefined_source_split; split seed not recorded in frozen cache,train,not_applicable,false,0.30,"frozen prediction rows with is_future=true; observed count is ceil(0.30 * cell trajectory length), lower-bounded by 5 and capped at cell length",data/MIT/mit_cycle_records_noleak.pkl,b186d5cde964b92bedc87268ced080d9afabb3959d7e8f2bfb13cb5c0baebbd9,frozen cache; upstream split builder not recovered,not_recoverable
mit,FastCharge_000006_CH3,5_3C_54per_4C_newstructure,train,predefined_source_split; split seed not recorded in frozen cache,train,not_applicable,false,0.30,"frozen prediction rows with is_future=true; observed count is ceil(0.30 * cell trajectory length), lower-bounded by 5 and capped at cell length",data/MIT/mit_cycle_records_noleak.pkl,b186d5cde964b92bedc87268ced080d9afabb3959d7e8f2bfb13cb5c0baebbd9,frozen cache; upstream split builder not recovered,not_recoverable
mit,FastCharge_000006_CH35,5_3C_54per_4C_newstructure,train,predefined_source_split; split seed not recorded in frozen cache,train,not_applicable,false,0.30,"frozen prediction rows with is_future=true; observed count is ceil(0.30 * cell trajectory length), lower-bounded by 5 and capped at cell length",data/MIT/mit_cycle_records_noleak.pkl,b186d5cde964b92bedc87268ced080d9afabb3959d7e8f2bfb13cb5c0baebbd9,frozen cache; upstream split builder not recovered,not_recoverable
mit,FastCharge_000006_CH43,5_3C_54per_4C_newstructure,train,predefined_source_split; split seed not recorded in frozen cache,train,not_applicable,false,0.30,"frozen prediction rows with is_future=true; observed count is ceil(0.30 * cell trajectory length), lower-bounded by 5 and capped at cell length",data/MIT/mit_cycle_records_noleak.pkl,b186d5cde964b92bedc87268ced080d9afabb3959d7e8f2bfb13cb5c0baebbd9,frozen cache; upstream split builder not recovered,not_recoverable
mit,FastCharge_000006_CH48,5_3C_54per_4C_newstructure,train,predefined_source_split; split seed not recorded in frozen cache,train,not_applicable,false,0.30,"frozen prediction rows with is_future=true; observed count is ceil(0.30 * cell trajectory length), lower-bounded by 5 and capped at cell length",data/MIT/mit_cycle_records_noleak.pkl,b186d5cde964b92bedc87268ced080d9afabb3959d7e8f2bfb13cb5c0baebbd9,frozen cache; upstream split builder not recovered,not_recoverable
mit,FastCharge_000006_CH8,5_3C_54per_4C_newstructure,train,predefined_source_split; split seed not recorded in frozen cache,train,not_applicable,false,0.30,"frozen prediction rows with is_future=true; observed count is ceil(0.30 * cell trajectory length), lower-bounded by 5 and capped at cell length",data/MIT/mit_cycle_records_noleak.pkl,b186d5cde964b92bedc87268ced080d9afabb3959d7e8f2bfb13cb5c0baebbd9,frozen cache; upstream split builder not recovered,not_recoverable
mit,FastCharge_000028_CH19,5_4C-40PER_3_6C,train,predefined_source_split; split seed not recorded in frozen cache,train,not_applicable,false,0.30,"frozen prediction rows with is_future=true; observed count is ceil(0.30 * cell trajectory length), lower-bounded by 5 and capped at cell length",data/MIT/mit_cycle_records_noleak.pkl,b186d5cde964b92bedc87268ced080d9afabb3959d7e8f2bfb13cb5c0baebbd9,frozen cache; upstream split builder not recovered,not_recoverable
mit,FastCharge_000028_CH20,5_4C-40PER_3_6C,train,predefined_source_split; split seed not recorded in frozen cache,train,not_applicable,false,0.30,"frozen prediction rows with is_future=true; observed count is ceil(0.30 * cell trajectory length), lower-bounded by 5 and capped at cell length",data/MIT/mit_cycle_records_noleak.pkl,b186d5cde964b92bedc87268ced080d9afabb3959d7e8f2bfb13cb5c0baebbd9,frozen cache; upstream split builder not recovered,not_recoverable
mit,FastCharge_000013_CH13,5_4C-50PER_3C,train,predefined_source_split; split seed not recorded in frozen cache,train,not_applicable,false,0.30,"frozen prediction rows with is_future=true; observed count is ceil(0.30 * cell trajectory length), lower-bounded by 5 and capped at cell length",data/MIT/mit_cycle_records_noleak.pkl,b186d5cde964b92bedc87268ced080d9afabb3959d7e8f2bfb13cb5c0baebbd9,frozen cache; upstream split builder not recovered,not_recoverable
mit,FastCharge_000013_CH14,5_4C-50PER_3C,train,predefined_source_split; split seed not recorded in frozen cache,train,not_applicable,false,0.30,"frozen prediction rows with is_future=true; observed count is ceil(0.30 * cell trajectory length), lower-bounded by 5 and capped at cell length",data/MIT/mit_cycle_records_noleak.pkl,b186d5cde964b92bedc87268ced080d9afabb3959d7e8f2bfb13cb5c0baebbd9,frozen cache; upstream split builder not recovered,not_recoverable
mit,FastCharge_000037_CH21,5_4C-50PER_3_6C,train,predefined_source_split; split seed not recorded in frozen cache,train,not_applicable,false,0.30,"frozen prediction rows with is_future=true; observed count is ceil(0.30 * cell trajectory length), lower-bounded by 5 and capped at cell length",data/MIT/mit_cycle_records_noleak.pkl,b186d5cde964b92bedc87268ced080d9afabb3959d7e8f2bfb13cb5c0baebbd9,frozen cache; upstream split builder not recovered,not_recoverable
mit,FastCharge_000037_CH22,5_4C-50PER_3_6C,train,predefined_source_split; split seed not recorded in frozen cache,train,not_applicable,false,0.30,"frozen prediction rows with is_future=true; observed count is ceil(0.30 * cell trajectory length), lower-bounded by 5 and capped at cell length",data/MIT/mit_cycle_records_noleak.pkl,b186d5cde964b92bedc87268ced080d9afabb3959d7e8f2bfb13cb5c0baebbd9,frozen cache; upstream split builder not recovered,not_recoverable
mit,FastCharge_000051_CH15,5_4C-60PER_3C,train,predefined_source_split; split seed not recorded in frozen cache,train,not_applicable,false,0.30,"frozen prediction rows with is_future=true; observed count is ceil(0.30 * cell trajectory length), lower-bounded by 5 and capped at cell length",data/MIT/mit_cycle_records_noleak.pkl,b186d5cde964b92bedc87268ced080d9afabb3959d7e8f2bfb13cb5c0baebbd9,frozen cache; upstream split builder not recovered,not_recoverable
mit,FastCharge_000051_CH16,5_4C-60PER_3C,train,predefined_source_split; split seed not recorded in frozen cache,train,not_applicable,false,0.30,"frozen prediction rows with is_future=true; observed count is ceil(0.30 * cell trajectory length), lower-bounded by 5 and capped at cell length",data/MIT/mit_cycle_records_noleak.pkl,b186d5cde964b92bedc87268ced080d9afabb3959d7e8f2bfb13cb5c0baebbd9,frozen cache; upstream split builder not recovered,not_recoverable
mit,FastCharge_000014_CH23,5_4C-60PER_3_6C,train,predefined_source_split; split seed not recorded in frozen cache,train,not_applicable,false,0.30,"frozen prediction rows with is_future=true; observed count is ceil(0.30 * cell trajectory length), lower-bounded by 5 and capped at cell length",data/MIT/mit_cycle_records_noleak.pkl,b186d5cde964b92bedc87268ced080d9afabb3959d7e8f2bfb13cb5c0baebbd9,frozen cache; upstream split builder not recovered,not_recoverable
mit,FastCharge_000014_CH24,5_4C-60PER_3_6C,train,predefined_source_split; split seed not recorded in frozen cache,train,not_applicable,false,0.30,"frozen prediction rows with is_future=true; observed count is ceil(0.30 * cell trajectory length), lower-bounded by 5 and capped at cell length",data/MIT/mit_cycle_records_noleak.pkl,b186d5cde964b92bedc87268ced080d9afabb3959d7e8f2bfb13cb5c0baebbd9,frozen cache; upstream split builder not recovered,not_recoverable
mit,FastCharge_000018_CH18,5_4C-70PER_3C,train,predefined_source_split; split seed not recorded in frozen cache,train,not_applicable,false,0.30,"frozen prediction rows with is_future=true; observed count is ceil(0.30 * cell trajectory length), lower-bounded by 5 and capped at cell length",data/MIT/mit_cycle_records_noleak.pkl,b186d5cde964b92bedc87268ced080d9afabb3959d7e8f2bfb13cb5c0baebbd9,frozen cache; upstream split builder not recovered,not_recoverable
mit,FastCharge_000044_CH11,5_4C-80PER_5_4C,train,predefined_source_split; split seed not recorded in frozen cache,train,not_applicable,false,0.30,"frozen prediction rows with is_future=true; observed count is ceil(0.30 * cell trajectory length), lower-bounded by 5 and capped at cell length",data/MIT/mit_cycle_records_noleak.pkl,b186d5cde964b92bedc87268ced080d9afabb3959d7e8f2bfb13cb5c0baebbd9,frozen cache; upstream split builder not recovered,not_recoverable
mit,FastCharge_000044_CH12,5_4C-80PER_5_4C,train,predefined_source_split; split seed not recorded in frozen cache,train,not_applicable,false,0.30,"frozen prediction rows with is_future=true; observed count is ceil(0.30 * cell trajectory length), lower-bounded by 5 and capped at cell length",data/MIT/mit_cycle_records_noleak.pkl,b186d5cde964b92bedc87268ced080d9afabb3959d7e8f2bfb13cb5c0baebbd9,frozen cache; upstream split builder not recovered,not_recoverable
mit,FastCharge_000015_CH12,5_6C_19per_4_6C_newstructure,train,predefined_source_split; split seed not recorded in frozen cache,train,not_applicable,false,0.30,"frozen prediction rows with is_future=true; observed count is ceil(0.30 * cell trajectory length), lower-bounded by 5 and capped at cell length",data/MIT/mit_cycle_records_noleak.pkl,b186d5cde964b92bedc87268ced080d9afabb3959d7e8f2bfb13cb5c0baebbd9,frozen cache; upstream split builder not recovered,not_recoverable
mit,FastCharge_000015_CH14,5_6C_19per_4_6C_newstructure,train,predefined_source_split; split seed not recorded in frozen cache,train,not_applicable,false,0.30,"frozen prediction rows with is_future=true; observed count is ceil(0.30 * cell trajectory length), lower-bounded by 5 and capped at cell length",data/MIT/mit_cycle_records_noleak.pkl,b186d5cde964b92bedc87268ced080d9afabb3959d7e8f2bfb13cb5c0baebbd9,frozen cache; upstream split builder not recovered,not_recoverable
mit,FastCharge_000015_CH20,5_6C_19per_4_6C_newstructure,train,predefined_source_split; split seed not recorded in frozen cache,train,not_applicable,false,0.30,"frozen prediction rows with is_future=true; observed count is ceil(0.30 * cell trajectory length), lower-bounded by 5 and capped at cell length",data/MIT/mit_cycle_records_noleak.pkl,b186d5cde964b92bedc87268ced080d9afabb3959d7e8f2bfb13cb5c0baebbd9,frozen cache; upstream split builder not recovered,not_recoverable
mit,FastCharge_000015_CH22,5_6C_19per_4_6C_newstructure,train,predefined_source_split; split seed not recorded in frozen cache,train,not_applicable,false,0.30,"frozen prediction rows with is_future=true; observed count is ceil(0.30 * cell trajectory length), lower-bounded by 5 and capped at cell length",data/MIT/mit_cycle_records_noleak.pkl,b186d5cde964b92bedc87268ced080d9afabb3959d7e8f2bfb13cb5c0baebbd9,frozen cache; upstream split builder not recovered,not_recoverable
mit,FastCharge_000015_CH28,5_6C_19per_4_6C_newstructure,train,predefined_source_split; split seed not recorded in frozen cache,train,not_applicable,false,0.30,"frozen prediction rows with is_future=true; observed count is ceil(0.30 * cell trajectory length), lower-bounded by 5 and capped at cell length",data/MIT/mit_cycle_records_noleak.pkl,b186d5cde964b92bedc87268ced080d9afabb3959d7e8f2bfb13cb5c0baebbd9,frozen cache; upstream split builder not recovered,not_recoverable
mit,FastCharge_000015_CH36,5_6C_19per_4_6C_newstructure,train,predefined_source_split; split seed not recorded in frozen cache,train,not_applicable,false,0.30,"frozen prediction rows with is_future=true; observed count is ceil(0.30 * cell trajectory length), lower-bounded by 5 and capped at cell length",data/MIT/mit_cycle_records_noleak.pkl,b186d5cde964b92bedc87268ced080d9afabb3959d7e8f2bfb13cb5c0baebbd9,frozen cache; upstream split builder not recovered,not_recoverable
mit,FastCharge_000015_CH4,5_6C_19per_4_6C_newstructure,train,predefined_source_split; split seed not recorded in frozen cache,train,not_applicable,false,0.30,"frozen prediction rows with is_future=true; observed count is ceil(0.30 * cell trajectory length), lower-bounded by 5 and capped at cell length",data/MIT/mit_cycle_records_noleak.pkl,b186d5cde964b92bedc87268ced080d9afabb3959d7e8f2bfb13cb5c0baebbd9,frozen cache; upstream split builder not recovered,not_recoverable
mit,FastCharge_000015_CH44,5_6C_19per_4_6C_newstructure,train,predefined_source_split; split seed not recorded in frozen cache,train,not_applicable,false,0.30,"frozen prediction rows with is_future=true; observed count is ceil(0.30 * cell trajectory length), lower-bounded by 5 and capped at cell length",data/MIT/mit_cycle_records_noleak.pkl,b186d5cde964b92bedc87268ced080d9afabb3959d7e8f2bfb13cb5c0baebbd9,frozen cache; upstream split builder not recovered,not_recoverable
mit,FastCharge_000049_CH37,5_6C_25per_4_5C,train,predefined_source_split; split seed not recorded in frozen cache,train,not_applicable,false,0.30,"frozen prediction rows with is_future=true; observed count is ceil(0.30 * cell trajectory length), lower-bounded by 5 and capped at cell length",data/MIT/mit_cycle_records_noleak.pkl,b186d5cde964b92bedc87268ced080d9afabb3959d7e8f2bfb13cb5c0baebbd9,frozen cache; upstream split builder not recovered,not_recoverable
mit,FastCharge_000012_CH13,5_6C_36per_4_3C_newstructure,train,predefined_source_split; split seed not recorded in frozen cache,train,not_applicable,false,0.30,"frozen prediction rows with is_future=true; observed count is ceil(0.30 * cell trajectory length), lower-bounded by 5 and capped at cell length",data/MIT/mit_cycle_records_noleak.pkl,b186d5cde964b92bedc87268ced080d9afabb3959d7e8f2bfb13cb5c0baebbd9,frozen cache; upstream split builder not recovered,not_recoverable
mit,FastCharge_000012_CH15,5_6C_36per_4_3C_newstructure,train,predefined_source_split; split seed not recorded in frozen cache,train,not_applicable,false,0.30,"frozen prediction rows with is_future=true; observed count is ceil(0.30 * cell trajectory length), lower-bounded by 5 and capped at cell length",data/MIT/mit_cycle_records_noleak.pkl,b186d5cde964b92bedc87268ced080d9afabb3959d7e8f2bfb13cb5c0baebbd9,frozen cache; upstream split builder not recovered,not_recoverable
mit,FastCharge_000012_CH21,5_6C_36per_4_3C_newstructure,train,predefined_source_split; split seed not recorded in frozen cache,train,not_applicable,false,0.30,"frozen prediction rows with is_future=true; observed count is ceil(0.30 * cell trajectory length), lower-bounded by 5 and capped at cell length",data/MIT/mit_cycle_records_noleak.pkl,b186d5cde964b92bedc87268ced080d9afabb3959d7e8f2bfb13cb5c0baebbd9,frozen cache; upstream split builder not recovered,not_recoverable
mit,FastCharge_000012_CH23,5_6C_36per_4_3C_newstructure,train,predefined_source_split; split seed not recorded in frozen cache,train,not_applicable,false,0.30,"frozen prediction rows with is_future=true; observed count is ceil(0.30 * cell trajectory length), lower-bounded by 5 and capped at cell length",data/MIT/mit_cycle_records_noleak.pkl,b186d5cde964b92bedc87268ced080d9afabb3959d7e8f2bfb13cb5c0baebbd9,frozen cache; upstream split builder not recovered,not_recoverable
mit,FastCharge_000012_CH29,5_6C_36per_4_3C_newstructure,train,predefined_source_split; split seed not recorded in frozen cache,train,not_applicable,false,0.30,"frozen prediction rows with is_future=true; observed count is ceil(0.30 * cell trajectory length), lower-bounded by 5 and capped at cell length",data/MIT/mit_cycle_records_noleak.pkl,b186d5cde964b92bedc87268ced080d9afabb3959d7e8f2bfb13cb5c0baebbd9,frozen cache; upstream split builder not recovered,not_recoverable
mit,FastCharge_000012_CH37,5_6C_36per_4_3C_newstructure,train,predefined_source_split; split seed not recorded in frozen cache,train,not_applicable,false,0.30,"frozen prediction rows with is_future=true; observed count is ceil(0.30 * cell trajectory length), lower-bounded by 5 and capped at cell length",data/MIT/mit_cycle_records_noleak.pkl,b186d5cde964b92bedc87268ced080d9afabb3959d7e8f2bfb13cb5c0baebbd9,frozen cache; upstream split builder not recovered,not_recoverable
mit,FastCharge_000012_CH45,5_6C_36per_4_3C_newstructure,train,predefined_source_split; split seed not recorded in frozen cache,train,not_applicable,false,0.30,"frozen prediction rows with is_future=true; observed count is ceil(0.30 * cell trajectory length), lower-bounded by 5 and capped at cell length",data/MIT/mit_cycle_records_noleak.pkl,b186d5cde964b92bedc87268ced080d9afabb3959d7e8f2bfb13cb5c0baebbd9,frozen cache; upstream split builder not recovered,not_recoverable
mit,FastCharge_000012_CH5,5_6C_36per_4_3C_newstructure,train,predefined_source_split; split seed not recorded in frozen cache,train,not_applicable,false,0.30,"frozen prediction rows with is_future=true; observed count is ceil(0.30 * cell trajectory length), lower-bounded by 5 and capped at cell length",data/MIT/mit_cycle_records_noleak.pkl,b186d5cde964b92bedc87268ced080d9afabb3959d7e8f2bfb13cb5c0baebbd9,frozen cache; upstream split builder not recovered,not_recoverable
mit,FastCharge_000007_CH24,5_9C_15per_4_6C_newstructure,train,predefined_source_split; split seed not recorded in frozen cache,train,not_applicable,false,0.30,"frozen prediction rows with is_future=true; observed count is ceil(0.30 * cell trajectory length), lower-bounded by 5 and capped at cell length",data/MIT/mit_cycle_records_noleak.pkl,b186d5cde964b92bedc87268ced080d9afabb3959d7e8f2bfb13cb5c0baebbd9,frozen cache; upstream split builder not recovered,not_recoverable
mit,FastCharge_000007_CH39,5_9C_15per_4_6C_newstructure,train,predefined_source_split; split seed not recorded in frozen cache,train,not_applicable,false,0.30,"frozen prediction rows with is_future=true; observed count is ceil(0.30 * cell trajectory length), lower-bounded by 5 and capped at cell length",data/MIT/mit_cycle_records_noleak.pkl,b186d5cde964b92bedc87268ced080d9afabb3959d7e8f2bfb13cb5c0baebbd9,frozen cache; upstream split builder not recovered,not_recoverable
mit,FastCharge_000050_CH32,5_9C_60per_3_1C_newstructure,train,predefined_source_split; split seed not recorded in frozen cache,train,not_applicable,false,0.30,"frozen prediction rows with is_future=true; observed count is ceil(0.30 * cell trajectory length), lower-bounded by 5 and capped at cell length",data/MIT/mit_cycle_records_noleak.pkl,b186d5cde964b92bedc87268ced080d9afabb3959d7e8f2bfb13cb5c0baebbd9,frozen cache; upstream split builder not recovered,not_recoverable
mit,FastCharge_000050_CH40,5_9C_60per_3_1C_newstructure,train,predefined_source_split; split seed not recorded in frozen cache,train,not_applicable,false,0.30,"frozen prediction rows with is_future=true; observed count is ceil(0.30 * cell trajectory length), lower-bounded by 5 and capped at cell length",data/MIT/mit_cycle_records_noleak.pkl,b186d5cde964b92bedc87268ced080d9afabb3959d7e8f2bfb13cb5c0baebbd9,frozen cache; upstream split builder not recovered,not_recoverable
mit,FastCharge_000046_CH31,6C-30PER_3_6C,train,predefined_source_split; split seed not recorded in frozen cache,train,not_applicable,false,0.30,"frozen prediction rows with is_future=true; observed count is ceil(0.30 * cell trajectory length), lower-bounded by 5 and capped at cell length",data/MIT/mit_cycle_records_noleak.pkl,b186d5cde964b92bedc87268ced080d9afabb3959d7e8f2bfb13cb5c0baebbd9,frozen cache; upstream split builder not recovered,not_recoverable
mit,FastCharge_000046_CH32,6C-30PER_3_6C,train,predefined_source_split; split seed not recorded in frozen cache,train,not_applicable,false,0.30,"frozen prediction rows with is_future=true; observed count is ceil(0.30 * cell trajectory length), lower-bounded by 5 and capped at cell length",data/MIT/mit_cycle_records_noleak.pkl,b186d5cde964b92bedc87268ced080d9afabb3959d7e8f2bfb13cb5c0baebbd9,frozen cache; upstream split builder not recovered,not_recoverable
mit,FastCharge_000039_CH27,6C-50PER_3C,train,predefined_source_split; split seed not recorded in frozen cache,train,not_applicable,false,0.30,"frozen prediction rows with is_future=true; observed count is ceil(0.30 * cell trajectory length), lower-bounded by 5 and capped at cell length",data/MIT/mit_cycle_records_noleak.pkl,b186d5cde964b92bedc87268ced080d9afabb3959d7e8f2bfb13cb5c0baebbd9,frozen cache; upstream split builder not recovered,not_recoverable
mit,FastCharge_000039_CH28,6C-50PER_3C,train,predefined_source_split; split seed not recorded in frozen cache,train,not_applicable,false,0.30,"frozen prediction rows with is_future=true; observed count is ceil(0.30 * cell trajectory length), lower-bounded by 5 and capped at cell length",data/MIT/mit_cycle_records_noleak.pkl,b186d5cde964b92bedc87268ced080d9afabb3959d7e8f2bfb13cb5c0baebbd9,frozen cache; upstream split builder not recovered,not_recoverable
mit,FastCharge_000019_CH29,6C-60PER_3C,train,predefined_source_split; split seed not recorded in frozen cache,train,not_applicable,false,0.30,"frozen prediction rows with is_future=true; observed count is ceil(0.30 * cell trajectory length), lower-bounded by 5 and capped at cell length",data/MIT/mit_cycle_records_noleak.pkl,b186d5cde964b92bedc87268ced080d9afabb3959d7e8f2bfb13cb5c0baebbd9,frozen cache; upstream split builder not recovered,not_recoverable
mit,FastCharge_000019_CH30,6C-60PER_3C,train,predefined_source_split; split seed not recorded in frozen cache,train,not_applicable,false,0.30,"frozen prediction rows with is_future=true; observed count is ceil(0.30 * cell trajectory length), lower-bounded by 5 and capped at cell length",data/MIT/mit_cycle_records_noleak.pkl,b186d5cde964b92bedc87268ced080d9afabb3959d7e8f2bfb13cb5c0baebbd9,frozen cache; upstream split builder not recovered,not_recoverable
mit,FastCharge_000010_CH44,6C_31per_4_25C,train,predefined_source_split; split seed not recorded in frozen cache,train,not_applicable,false,0.30,"frozen prediction rows with is_future=true; observed count is ceil(0.30 * cell trajectory length), lower-bounded by 5 and capped at cell length",data/MIT/mit_cycle_records_noleak.pkl,b186d5cde964b92bedc87268ced080d9afabb3959d7e8f2bfb13cb5c0baebbd9,frozen cache; upstream split builder not recovered,not_recoverable
mit,FastCharge_000024_CH45,6C_40per_4C,train,predefined_source_split; split seed not recorded in frozen cache,train,not_applicable,false,0.30,"frozen prediction rows with is_future=true; observed count is ceil(0.30 * cell trajectory length), lower-bounded by 5 and capped at cell length",data/MIT/mit_cycle_records_noleak.pkl,b186d5cde964b92bedc87268ced080d9afabb3959d7e8f2bfb13cb5c0baebbd9,frozen cache; upstream split builder not recovered,not_recoverable
mit,FastCharge_000036_CH48,6C_60per_3C,train,predefined_source_split; split seed not recorded in frozen cache,train,not_applicable,false,0.30,"frozen prediction rows with is_future=true; observed count is ceil(0.30 * cell trajectory length), lower-bounded by 5 and capped at cell length",data/MIT/mit_cycle_records_noleak.pkl,b186d5cde964b92bedc87268ced080d9afabb3959d7e8f2bfb13cb5c0baebbd9,frozen cache; upstream split builder not recovered,not_recoverable
mit,FastCharge_000003_CH39,7C-30PER_3_6C,train,predefined_source_split; split seed not recorded in frozen cache,train,not_applicable,false,0.30,"frozen prediction rows with is_future=true; observed count is ceil(0.30 * cell trajectory length), lower-bounded by 5 and capped at cell length",data/MIT/mit_cycle_records_noleak.pkl,b186d5cde964b92bedc87268ced080d9afabb3959d7e8f2bfb13cb5c0baebbd9,frozen cache; upstream split builder not recovered,not_recoverable
mit,FastCharge_000003_CH40,7C-30PER_3_6C,train,predefined_source_split; split seed not recorded in frozen cache,train,not_applicable,false,0.30,"frozen prediction rows with is_future=true; observed count is ceil(0.30 * cell trajectory length), lower-bounded by 5 and capped at cell length",data/MIT/mit_cycle_records_noleak.pkl,b186d5cde964b92bedc87268ced080d9afabb3959d7e8f2bfb13cb5c0baebbd9,frozen cache; upstream split builder not recovered,not_recoverable
mit,FastCharge_000023_CH37,7C-40PER_3C,train,predefined_source_split; split seed not recorded in frozen cache,train,not_applicable,false,0.30,"frozen prediction rows with is_future=true; observed count is ceil(0.30 * cell trajectory length), lower-bounded by 5 and capped at cell length",data/MIT/mit_cycle_records_noleak.pkl,b186d5cde964b92bedc87268ced080d9afabb3959d7e8f2bfb13cb5c0baebbd9,frozen cache; upstream split builder not recovered,not_recoverable
mit,FastCharge_000023_CH38,7C-40PER_3C,train,predefined_source_split; split seed not recorded in frozen cache,train,not_applicable,false,0.30,"frozen prediction rows with is_future=true; observed count is ceil(0.30 * cell trajectory length), lower-bounded by 5 and capped at cell length",data/MIT/mit_cycle_records_noleak.pkl,b186d5cde964b92bedc87268ced080d9afabb3959d7e8f2bfb13cb5c0baebbd9,frozen cache; upstream split builder not recovered,not_recoverable
mit,FastCharge_000048_CH43,8C-15PER_3_6C,train,predefined_source_split; split seed not recorded in frozen cache,train,not_applicable,false,0.30,"frozen prediction rows with is_future=true; observed count is ceil(0.30 * cell trajectory length), lower-bounded by 5 and capped at cell length",data/MIT/mit_cycle_records_noleak.pkl,b186d5cde964b92bedc87268ced080d9afabb3959d7e8f2bfb13cb5c0baebbd9,frozen cache; upstream split builder not recovered,not_recoverable
mit,FastCharge_000048_CH44,8C-15PER_3_6C,train,predefined_source_split; split seed not recorded in frozen cache,train,not_applicable,false,0.30,"frozen prediction rows with is_future=true; observed count is ceil(0.30 * cell trajectory length), lower-bounded by 5 and capped at cell length",data/MIT/mit_cycle_records_noleak.pkl,b186d5cde964b92bedc87268ced080d9afabb3959d7e8f2bfb13cb5c0baebbd9,frozen cache; upstream split builder not recovered,not_recoverable
mit,FastCharge_000008_CH47,8C-35PER_3_6C,train,predefined_source_split; split seed not recorded in frozen cache,train,not_applicable,false,0.30,"frozen prediction rows with is_future=true; observed count is ceil(0.30 * cell trajectory length), lower-bounded by 5 and capped at cell length",data/MIT/mit_cycle_records_noleak.pkl,b186d5cde964b92bedc87268ced080d9afabb3959d7e8f2bfb13cb5c0baebbd9,frozen cache; upstream split builder not recovered,not_recoverable
mit,FastCharge_000008_CH48,8C-35PER_3_6C,train,predefined_source_split; split seed not recorded in frozen cache,train,not_applicable,false,0.30,"frozen prediction rows with is_future=true; observed count is ceil(0.30 * cell trajectory length), lower-bounded by 5 and capped at cell length",data/MIT/mit_cycle_records_noleak.pkl,b186d5cde964b92bedc87268ced080d9afabb3959d7e8f2bfb13cb5c0baebbd9,frozen cache; upstream split builder not recovered,not_recoverable
mit,FastCharge_000056_CH11,2C_2per_5C,val,predefined_source_split; split seed not recorded in frozen cache,val,not_applicable,false,0.30,"frozen prediction rows with is_future=true; observed count is ceil(0.30 * cell trajectory length), lower-bounded by 5 and capped at cell length",data/MIT/mit_cycle_records_noleak.pkl,b186d5cde964b92bedc87268ced080d9afabb3959d7e8f2bfb13cb5c0baebbd9,frozen cache; upstream split builder not recovered,not_recoverable
mit,FastCharge_000054_CH15,3_6C_30per_6C,val,predefined_source_split; split seed not recorded in frozen cache,val,not_applicable,false,0.30,"frozen prediction rows with is_future=true; observed count is ceil(0.30 * cell trajectory length), lower-bounded by 5 and capped at cell length",data/MIT/mit_cycle_records_noleak.pkl,b186d5cde964b92bedc87268ced080d9afabb3959d7e8f2bfb13cb5c0baebbd9,frozen cache; upstream split builder not recovered,not_recoverable
mit,FastCharge_000063_CH5,4C-80PER_4C,val,predefined_source_split; split seed not recorded in frozen cache,val,not_applicable,false,0.30,"frozen prediction rows with is_future=true; observed count is ceil(0.30 * cell trajectory length), lower-bounded by 5 and capped at cell length",data/MIT/mit_cycle_records_noleak.pkl,b186d5cde964b92bedc87268ced080d9afabb3959d7e8f2bfb13cb5c0baebbd9,frozen cache; upstream split builder not recovered,not_recoverable
mit,FastCharge_000060_CH29,4C_40per_6C,val,predefined_source_split; split seed not recorded in frozen cache,val,not_applicable,false,0.30,"frozen prediction rows with is_future=true; observed count is ceil(0.30 * cell trajectory length), lower-bounded by 5 and capped at cell length",data/MIT/mit_cycle_records_noleak.pkl,b186d5cde964b92bedc87268ced080d9afabb3959d7e8f2bfb13cb5c0baebbd9,frozen cache; upstream split builder not recovered,not_recoverable
mit,FastCharge_000055_CH20,4_4C_8per_4_85C,val,predefined_source_split; split seed not recorded in frozen cache,val,not_applicable,false,0.30,"frozen prediction rows with is_future=true; observed count is ceil(0.30 * cell trajectory length), lower-bounded by 5 and capped at cell length",data/MIT/mit_cycle_records_noleak.pkl,b186d5cde964b92bedc87268ced080d9afabb3959d7e8f2bfb13cb5c0baebbd9,frozen cache; upstream split builder not recovered,not_recoverable
mit,FastCharge_000059_CH33,5_2C_50per_4_25C,val,predefined_source_split; split seed not recorded in frozen cache,val,not_applicable,false,0.30,"frozen prediction rows with is_future=true; observed count is ceil(0.30 * cell trajectory length), lower-bounded by 5 and capped at cell length",data/MIT/mit_cycle_records_noleak.pkl,b186d5cde964b92bedc87268ced080d9afabb3959d7e8f2bfb13cb5c0baebbd9,frozen cache; upstream split builder not recovered,not_recoverable
mit,FastCharge_000052_CH41,5_6C_5per_4_75C,val,predefined_source_split; split seed not recorded in frozen cache,val,not_applicable,false,0.30,"frozen prediction rows with is_future=true; observed count is ceil(0.30 * cell trajectory length), lower-bounded by 5 and capped at cell length",data/MIT/mit_cycle_records_noleak.pkl,b186d5cde964b92bedc87268ced080d9afabb3959d7e8f2bfb13cb5c0baebbd9,frozen cache; upstream split builder not recovered,not_recoverable
mit,FastCharge_000053_CH42,5_6C_65per_3C,val,predefined_source_split; split seed not recorded in frozen cache,val,not_applicable,false,0.30,"frozen prediction rows with is_future=true; observed count is ceil(0.30 * cell trajectory length), lower-bounded by 5 and capped at cell length",data/MIT/mit_cycle_records_noleak.pkl,b186d5cde964b92bedc87268ced080d9afabb3959d7e8f2bfb13cb5c0baebbd9,frozen cache; upstream split builder not recovered,not_recoverable
mit,FastCharge_000057_CH35,6C-50PER_3_6C,val,predefined_source_split; split seed not recorded in frozen cache,val,not_applicable,false,0.30,"frozen prediction rows with is_future=true; observed count is ceil(0.30 * cell trajectory length), lower-bounded by 5 and capped at cell length",data/MIT/mit_cycle_records_noleak.pkl,b186d5cde964b92bedc87268ced080d9afabb3959d7e8f2bfb13cb5c0baebbd9,frozen cache; upstream split builder not recovered,not_recoverable
mit,FastCharge_000057_CH36,6C-50PER_3_6C,val,predefined_source_split; split seed not recorded in frozen cache,val,not_applicable,false,0.30,"frozen prediction rows with is_future=true; observed count is ceil(0.30 * cell trajectory length), lower-bounded by 5 and capped at cell length",data/MIT/mit_cycle_records_noleak.pkl,b186d5cde964b92bedc87268ced080d9afabb3959d7e8f2bfb13cb5c0baebbd9,frozen cache; upstream split builder not recovered,not_recoverable
mit,FastCharge_000061_CH43,6C_20per_4_5C,val,predefined_source_split; split seed not recorded in frozen cache,val,not_applicable,false,0.30,"frozen prediction rows with is_future=true; observed count is ceil(0.30 * cell trajectory length), lower-bounded by 5 and capped at cell length",data/MIT/mit_cycle_records_noleak.pkl,b186d5cde964b92bedc87268ced080d9afabb3959d7e8f2bfb13cb5c0baebbd9,frozen cache; upstream split builder not recovered,not_recoverable
mit,FastCharge_000062_CH47,6C_52per_3_5C,val,predefined_source_split; split seed not recorded in frozen cache,val,not_applicable,false,0.30,"frozen prediction rows with is_future=true; observed count is ceil(0.30 * cell trajectory length), lower-bounded by 5 and capped at cell length",data/MIT/mit_cycle_records_noleak.pkl,b186d5cde964b92bedc87268ced080d9afabb3959d7e8f2bfb13cb5c0baebbd9,frozen cache; upstream split builder not recovered,not_recoverable
mit,FastCharge_000058_CH45,8C-25PER_3_6C,val,predefined_source_split; split seed not recorded in frozen cache,val,not_applicable,false,0.30,"frozen prediction rows with is_future=true; observed count is ceil(0.30 * cell trajectory length), lower-bounded by 5 and capped at cell length",data/MIT/mit_cycle_records_noleak.pkl,b186d5cde964b92bedc87268ced080d9afabb3959d7e8f2bfb13cb5c0baebbd9,frozen cache; upstream split builder not recovered,not_recoverable
mit,FastCharge_000058_CH46,8C-25PER_3_6C,val,predefined_source_split; split seed not recorded in frozen cache,val,not_applicable,false,0.30,"frozen prediction rows with is_future=true; observed count is ceil(0.30 * cell trajectory length), lower-bounded by 5 and capped at cell length",data/MIT/mit_cycle_records_noleak.pkl,b186d5cde964b92bedc87268ced080d9afabb3959d7e8f2bfb13cb5c0baebbd9,frozen cache; upstream split builder not recovered,not_recoverable
